Title,Value
EcoZen Powers to New Highs as Demand for Clean Energy Surges,1
TechTrove Innovations Boosts Market Confidence with AI Breakthrough,1
"GreenWave Solar Reports Record Revenue, Stock Soars",1
"VeloVerge Robotics Launches Next-Gen Delivery Drones, Shares Skyrocket",1
"HydroSpark’s Water Purification Tech Gains Global Attention, Stock Jumps",1
"SkyNest Aerospace Celebrates Successful Satellite Launch, Stock Reaches All-Time High",1
"QuantumVibe Chips Outperform Competitors, Shares See Major Rally",1
Medigenix Biotech Sees Shares Surge with New Cancer Treatment Approval,1
"NeoPlasms Health Brings Revolutionary Bioprinting Tech to Market, Stocks Soar",1
"BrightBlock Chain Announces Partnership with Top Banks, Gaining Market Attention",1
UrbanFarms Delivers Record Harvest with Vertical Farming Innovations,1
HyperHydro Technologies Reports Breakthrough in Water Desalination,1
SmartWave Grid Achieves Breakthrough in Renewable Energy Storage,1
EnviroSmart Solutions Named Top Green Company for Environmental Impact,1
AeroFusion’s New Drone Design Wins Major Contract,1
EcoMend Waste Solutions Partners with Global Cities on Sustainability Initiatives,1
NanoPure Labs Achieves Major Medical Milestone in Treatment Development,1
BioBloc Pharmaceuticals’ New Vaccine Reaches Key Phase of Approval,1
OptiDrive Electric Breaks into EV Market with Game-Changing Model,1
AgriLuxe’s Precision Farming Platform Boosts Crop Yields Worldwide,1
FutureFiber’s Faster Internet Services See Increased Demand,1
TechNest's Smart Home Products Revolutionize the Market,1
GlobalGlaze Solar’s Panels Lead Industry with Record Production Levels,1
OmniGrid Wins Major Energy Storage Contract in Key Market,1
SustainaWear's New Eco-Friendly Line Sparks Growing Consumer Interes,1
"DigitalHeart Health Launches AI Diagnostics for Faster, Accurate Results
",1
BioFuelGenix Gains Ground with Next-Generation Biofuels,1
WaveJet Technologies Expands Electric Marine Market with New Innovations,1
CleanOcean Plastics Reports Revenue Growth from Recycling Initiatives,1
WindVast Solutions Secures Contract for Large Offshore Wind Project,1
LightWave Optics’ Innovative Lens Wins Prestigious Industry Award,1
FoodFlex Labs Achieves Breakthrough in Lab-Grown Meat Production,1
AeroGrid Unveils Revolutionary Turbine Design in Green Energy Sector,1
NuClear Energy’s New Reactor Model Promises Increased Efficiency,1
PureStream Tech Reports Success with 5G Rollout,1
BioSynth Chemicals Introduces Green Synthesis Process for Key Compounds,1
NanoGlide Engineering Brings Robotics Technology to Mass Market,1
EcoCharge Unveils Long-Lasting Battery with High Consumer Interest,1
TerraPulse AgTech Boosts Crop Production with Advanced AI Technology,1
CyberNest Security Partners with Government on National Security Projects,1
BrightGreen Fuels Recognized for Innovative Clean Fuel Technology,1
CloudSolve Data Solutions Expands in AI with Strong Market Response,1
WaveBio Labs Achieves FDA Approval for Promising New Treatment,1
PureSky Solutions Innovates in Air Purification Technology,1
"EnviroForge Announces Carbon Capture Tech, Excites Industry Experts",1
SkyLink Transport Secures Major Urban Mobility Contract,1
BrightBloom Pharma’s Breakthrough Drug Boosts Company’s Profile,1
InfiSolar’s New Solar Cells Achieve Efficiency Milestone,1
NextWave Medtech Expands Global Reach in Key Markets,1
EcoTerra Energy Powers Up with Clean Fuel Technology for Broad Applications,1
EcoZen Faces Backlash Over Emissions Scandal,0
TechTrove Innovations Struggles Amid Declining Demand for AI Products,0
GreenWave Solar’s Profits Plummet Due to Supply Chain Issues,0
VeloVerge Robotics Faces Major Setback After Drone Malfunction,0
HydroSpark’s Water Purification Tech Under Scrutiny for Safety Concerns,0
"SkyNest Aerospace Delays Satellite Launch, Raising Investor Concerns",0
QuantumVibe’s Latest Chips Fail to Meet Market Expectations,0
Medigenix Biotech Struggles as New Drug Fails Clinical Trials,0
NeoPlasms Health Reports Severe Bioprinting Complications,0
"BrightBlock Chain Partnership Falls Through, Market Confidence Wanes",0
UrbanFarms Struggles with Crop Failures Amid Technology Issues,0
HyperHydro Technologies’ Desalination System Faces Regulatory Roadblocks,0
SmartWave Grid Hit with Lawsuit Over Battery Malfunctions,0
EnviroSmart Solutions Named in Greenwashing Scandal,0
AeroFusion Drone Design Criticized for Safety Violations,0
EcoMend Waste Solutions Faces Fines Over Improper Disposal Practices,0
NanoPure Labs’ Treatment Delayed by Regulatory Complications,0
BioBloc Pharmaceuticals Pulls Vaccine from Market After Safety Concerns,0
OptiDrive Electric’s New EV Model Faces Major Recall,0
AgriLuxe’s Crop Yields Decline Amid Soil Health Concerns,0
FutureFiber Criticized for Lagging Internet Speeds and Poor Service,0
TechNest Faces Lawsuit Over Privacy Violations in Smart Home Devices,0
"GlobalGlaze Solar’s Panels Malfunction, Causing Fires",0
"OmniGrid Fails to Meet Energy Storage Goals, Faces Financial Losses",0
SustainaWear Accused of Exploitative Labor Practices,0
DigitalHeart Health’s AI Diagnostics Show Alarming Error Rate,0
WaveJet Technologies Hit with Environmental Lawsuit for Water Pollution,0
CleanOcean Plastics Investigated for Misleading Environmental Claims,0
BioFuelGenix Falls Short as Biofuels Fail to Meet Emission Targets,0
WindVast Solutions’ Offshore Project Faces Regulatory Setbacks,0
LightWave Optics’ Lens Product Fails Industry Standards,0
FoodFlex Labs’ Lab-Grown Meat Faces Public Backlash Over Safety Concerns,0
AeroGrid Turbine Design Proves Ineffective in High-Wind Conditions,0
NuClear Energy’s Reactor Model Plagued by Malfunctions,0
PureStream Tech Criticized for 5G Rollout Delays and Connectivity Issues,0
BioSynth Chemicals Faces Backlash Over Hazardous Waste Disposal,0
NanoGlide Robotics Fails to Reach Mass Market Due to High Costs,0
EcoCharge Battery Performance Fails to Meet Market Expectations,0
TerraPulse AgTech’s AI Fails to Predict Crop Decline,0
CyberNest Security Criticized for Major Data Breach,0
BrightGreen Fuels’ Clean Fuel Technology Faces Scientific Criticism,0
CloudSolve Data Solutions Faces Setback After Major Outage,0
WaveBio Labs’ New Treatment Rejected by FDA Due to Safety Concerns,0
PureSky Solutions Faces Lawsuit Over Air Purification Claims,0
EnviroForge’s Carbon Capture Technology Deemed Ineffective,0
SkyLink Transport Loses Major Urban Mobility Contract,0
BrightBloom Pharma’s Breakthrough Drug Withdrawn from Market,0
InfiSolar’s Solar Cells Show Low Efficiency in Real-World Testing,0
NextWave Medtech Pulls Product from Key Markets Due to Safety Issues,0
EcoTerra Energy Criticized for Exaggerated Environmental Claims,0
Medigenix Biotech Faces Backlash for Drug Price Hikes,0